select;
insert into companies(name, last, id) values ('Cidacos', '2019-11-01T13:18:40.608276+01:00'::timestamptz, 40);;
insert into companies(name, last, id) values ('Donuts', '2019-12-03T07:22:50.160236+01:00'::timestamptz, 41);;
insert into companies(name, last, id) values ('Pastoret', '2019-12-08T09:25:12.376493+01:00'::timestamptz, 42);;
insert into companies(name, last, id) values ('Veije Cheese Company', '2019-12-02T20:10:23.014730+01:00'::timestamptz, 43);;
insert into products (name, amount, fat, protein, carbohydrate, companies_id, last, elaboratedproducts_id, languages, calories, salt, cholesterol, sodium, potassium, fiber, sugars, saturated_fat,system_company, id) values ('Allioli', 100.00, 80.00, 1.10, 1.40, 1, '2019-12-02T15:33:37.669579+01:00'::timestamptz, NULL, NULL, 735.00, 1.30, NULL, NULL, NULL, 0.00, 0.00, 9.80, true, 165);;
insert into products (name, amount, fat, protein, carbohydrate, companies_id, last, elaboratedproducts_id, languages, calories, salt, cholesterol, sodium, potassium, fiber, sugars, saturated_fat,system_company, id) values ('Almendra frita', 100.00, 58.00, 23.00, 3.80, 1, '2019-11-21T13:02:02.115632+01:00'::timestamptz, NULL, NULL, 648.00, 1.00, NULL, NULL, NULL, 9.10, 2.90, 5.60, true, 166);;
insert into products (name, amount, fat, protein, carbohydrate, companies_id, last, elaboratedproducts_id, languages, calories, salt, cholesterol, sodium, potassium, fiber, sugars, saturated_fat,system_company, id) values ('Bacalao en porciones en su punto de sal', 100.00, 3.00, 11.88, 2.00, 1, '2019-11-01T13:28:51.781748+01:00'::timestamptz, NULL, NULL, 47.00, 2.00, NULL, 800.00, NULL, 0.00, 1.00, 0.02, true, 167);;
insert into products (name, amount, fat, protein, carbohydrate, companies_id, last, elaboratedproducts_id, languages, calories, salt, cholesterol, sodium, potassium, fiber, sugars, saturated_fat,system_company, id) values ('Bacon', 100.00, 37.00, 14.00, 1.70, NULL, '2019-10-31T15:23:51.346824+01:00'::timestamptz, NULL, NULL, 396.00, NULL, NULL, 2.80, NULL, 0.00, 1.70, 12.00, NULL, 168);;
insert into products (name, amount, fat, protein, carbohydrate, companies_id, last, elaboratedproducts_id, languages, calories, salt, cholesterol, sodium, potassium, fiber, sugars, saturated_fat,system_company, id) values ('Cauliflower', 100.00, 0.10, 1.98, 5.30, NULL, '2019-12-02T10:48:23.449979+01:00'::timestamptz, NULL, NULL, 25.00, NULL, 0.00, 30.00, 303.00, 2.50, 2.40, 0.03, NULL, 169);;
insert into products (name, amount, fat, protein, carbohydrate, companies_id, last, elaboratedproducts_id, languages, calories, salt, cholesterol, sodium, potassium, fiber, sugars, saturated_fat,system_company, id) values ('Chicken. Raw', 100.00, 7.72, 29.55, 0.00, NULL, '2019-12-08T19:22:15.420281+01:00'::timestamptz, NULL, NULL, 195.00, NULL, 83.00, 393.00, 243.00, 0.00, 0.00, 2.17, NULL, 170);;
insert into products (name, amount, fat, protein, carbohydrate, companies_id, last, elaboratedproducts_id, languages, calories, salt, cholesterol, sodium, potassium, fiber, sugars, saturated_fat,system_company, id) values ('Chorizo sticks', 100.00, 41.00, 30.00, 2.50, 1, '2019-11-10T10:48:41.957086+01:00'::timestamptz, NULL, NULL, 499.00, 3.50, NULL, NULL, NULL, 0.00, 1.50, 16.00, true, 171);;
insert into products (name, amount, fat, protein, carbohydrate, companies_id, last, elaboratedproducts_id, languages, calories, salt, cholesterol, sodium, potassium, fiber, sugars, saturated_fat,system_company, id) values ('Dalky de fresa', 100.00, 7.70, 2.80, 18.50, 8, '2019-11-12T20:12:59.092598+01:00'::timestamptz, NULL, NULL, 155.00, 0.13, NULL, NULL, NULL, 0.00, 15.60, 5.10, true, 172);;
insert into products (name, amount, fat, protein, carbohydrate, companies_id, last, elaboratedproducts_id, languages, calories, salt, cholesterol, sodium, potassium, fiber, sugars, saturated_fat,system_company, id) values ('Danone para beber. Sabor fresa', 100.00, 0.80, 2.40, 12.60, 3, '2019-12-06T05:13:49.028776+01:00'::timestamptz, NULL, NULL, 67.00, 0.10, NULL, NULL, NULL, 0.00, 12.00, 0.50, true, 173);;
insert into products (name, amount, fat, protein, carbohydrate, companies_id, last, elaboratedproducts_id, languages, calories, salt, cholesterol, sodium, potassium, fiber, sugars, saturated_fat,system_company, id) values ('Donuts glacé', 100.00, 17.00, 5.50, 38.00, 41, '2019-12-03T07:24:15.200093+01:00'::timestamptz, NULL, NULL, 332.00, 1.00, NULL, NULL, NULL, 1.40, 24.00, 9.30, true, 174);;
insert into products (name, amount, fat, protein, carbohydrate, companies_id, last, elaboratedproducts_id, languages, calories, salt, cholesterol, sodium, potassium, fiber, sugars, saturated_fat,system_company, id) values ('Galletas de canela', 100.00, 18.00, 5.40, 72.00, 1, '2019-11-15T13:29:38.721710+01:00'::timestamptz, NULL, NULL, 475.00, 1.10, NULL, NULL, NULL, 1.90, 26.00, 2.30, true, 175);;
insert into products (name, amount, fat, protein, carbohydrate, companies_id, last, elaboratedproducts_id, languages, calories, salt, cholesterol, sodium, potassium, fiber, sugars, saturated_fat,system_company, id) values ('Galletas de coco', 100.00, 32.00, 5.00, 54.00, 1, '2019-11-23T06:11:21.665404+01:00'::timestamptz, NULL, NULL, 530.00, 0.75, NULL, 300.00, NULL, 3.00, 26.00, 23.00, true, 176);;
insert into products (name, amount, fat, protein, carbohydrate, companies_id, last, elaboratedproducts_id, languages, calories, salt, cholesterol, sodium, potassium, fiber, sugars, saturated_fat,system_company, id) values ('Gambas grandes peladas con agua añadida', 100.00, 1.00, 14.70, 1.00, 1, '2019-11-01T13:35:03.852323+01:00'::timestamptz, NULL, NULL, 72.00, 1.00, NULL, NULL, NULL, 0.00, 1.00, 0.20, true, 177);;
insert into products (name, amount, fat, protein, carbohydrate, companies_id, last, elaboratedproducts_id, languages, calories, salt, cholesterol, sodium, potassium, fiber, sugars, saturated_fat,system_company, id) values ('McNuggets', 100.00, 13.00, 16.00, 17.00, 36, '2019-11-10T20:31:45.766128+01:00'::timestamptz, NULL, NULL, 250.00, 1.00, NULL, NULL, NULL, 0.00, 0.00, 2.00, true, 178);;
insert into products (name, amount, fat, protein, carbohydrate, companies_id, last, elaboratedproducts_id, languages, calories, salt, cholesterol, sodium, potassium, fiber, sugars, saturated_fat,system_company, id) values ('Mermelada de melocotones de temporada', 100.00, 0.10, 0.30, 56.00, 33, '2019-11-25T05:26:39.792914+01:00'::timestamptz, NULL, NULL, 229.00, 0.00, NULL, NULL, NULL, 0.00, 50.00, 0.00, true, 179);;
insert into products (name, amount, fat, protein, carbohydrate, companies_id, last, elaboratedproducts_id, languages, calories, salt, cholesterol, sodium, potassium, fiber, sugars, saturated_fat,system_company, id) values ('Mini saladas', 100.00, 19.90, 8.70, 26.10, 1, '2019-11-21T12:15:06.838213+01:00'::timestamptz, NULL, NULL, 318.30, 1.20, NULL, NULL, NULL, 0.00, 3.90, 6.30, true, 180);;
insert into products (name, amount, fat, protein, carbohydrate, companies_id, last, elaboratedproducts_id, languages, calories, salt, cholesterol, sodium, potassium, fiber, sugars, saturated_fat,system_company, id) values ('Mortadela de pavo', 100.00, 11.00, 10.90, 7.50, 1, '2019-11-30T19:02:14.305576+01:00'::timestamptz, NULL, NULL, 173.00, 1.90, NULL, NULL, NULL, 0.00, 0.80, 1.70, true, 181);;
insert into products (name, amount, fat, protein, carbohydrate, companies_id, last, elaboratedproducts_id, languages, calories, salt, cholesterol, sodium, potassium, fiber, sugars, saturated_fat,system_company, id) values ('Nesquik petit', 100.00, 7.20, 4.40, 25.50, 8, '2019-11-01T11:15:50.366867+01:00'::timestamptz, NULL, NULL, 186.00, 0.54, NULL, NULL, NULL, 0.50, 20.40, 4.70, true, 182);;
insert into products (name, amount, fat, protein, carbohydrate, companies_id, last, elaboratedproducts_id, languages, calories, salt, cholesterol, sodium, potassium, fiber, sugars, saturated_fat,system_company, id) values ('Palitos de Surimi', 100.00, 1.10, 8.40, 11.70, 38, '2019-12-02T15:34:51.835080+01:00'::timestamptz, NULL, NULL, 94.00, 1.84, NULL, NULL, NULL, 1.70, 2.40, 0.30, true, 183);;
insert into products (name, amount, fat, protein, carbohydrate, companies_id, last, elaboratedproducts_id, languages, calories, salt, cholesterol, sodium, potassium, fiber, sugars, saturated_fat,system_company, id) values ('Panettone', 100.00, 8.08, 7.66, 54.31, NULL, '2019-11-22T05:17:28.142986+01:00'::timestamptz, NULL, NULL, 318.00, NULL, 67.00, 341.00, 190.00, 2.20, 18.36, 4.47, NULL, 184);;
insert into products (name, amount, fat, protein, carbohydrate, companies_id, last, elaboratedproducts_id, languages, calories, salt, cholesterol, sodium, potassium, fiber, sugars, saturated_fat,system_company, id) values ('Pimientos del piquillo', 100.00, 0.20, 0.80, 9.30, 40, '2019-11-01T13:23:07.622767+01:00'::timestamptz, NULL, NULL, 44.00, 1.10, NULL, NULL, NULL, 1.00, 8.50, 0.00, true, 185);;
insert into products (name, amount, fat, protein, carbohydrate, companies_id, last, elaboratedproducts_id, languages, calories, salt, cholesterol, sodium, potassium, fiber, sugars, saturated_fat,system_company, id) values ('Pumpkin', 100.00, 0.13, 1.13, 4.59, NULL, '2019-12-02T10:47:53.474187+01:00'::timestamptz, NULL, NULL, 28.37, NULL, 0.00, 3.10, 304.00, 2.16, 1.51, 0.07, NULL, 186);;
insert into products (name, amount, fat, protein, carbohydrate, companies_id, last, elaboratedproducts_id, languages, calories, salt, cholesterol, sodium, potassium, fiber, sugars, saturated_fat,system_company, id) values ('Queso Azul Danes', 100.00, 29.00, 20.00, 0.50, 43, '2019-12-02T20:11:03.336651+01:00'::timestamptz, NULL, NULL, 341.00, 3.30, NULL, NULL, NULL, 0.00, 0.50, 18.00, true, 187);;
insert into products (name, amount, fat, protein, carbohydrate, companies_id, last, elaboratedproducts_id, languages, calories, salt, cholesterol, sodium, potassium, fiber, sugars, saturated_fat,system_company, id) values ('Queso Philadelphia Original', 100.00, 26.00, 4.10, 2.80, 37, '2019-11-19T15:44:36.514405+01:00'::timestamptz, NULL, NULL, 267.00, 1.05, NULL, NULL, NULL, 0.20, 2.80, 18.00, true, 188);;
insert into products (name, amount, fat, protein, carbohydrate, companies_id, last, elaboratedproducts_id, languages, calories, salt, cholesterol, sodium, potassium, fiber, sugars, saturated_fat,system_company, id) values ('Salmón. Lomos de Noruega congelados', 100.00, 16.00, 20.00, 0.00, 1, '2019-12-07T11:44:26.581334+01:00'::timestamptz, NULL, NULL, 224.00, 0.10, NULL, NULL, NULL, 0.00, 0.00, 3.00, true, 189);;
insert into products (name, amount, fat, protein, carbohydrate, companies_id, last, elaboratedproducts_id, languages, calories, salt, cholesterol, sodium, potassium, fiber, sugars, saturated_fat,system_company, id) values ('Tomate frito receta artesana', 100.00, 15.00, 1.60, 14.30, 1, '2019-11-01T13:40:00.768433+01:00'::timestamptz, NULL, NULL, 201.00, 0.90, NULL, NULL, NULL, 1.00, 12.50, 2.10, true, 190);;
insert into products (name, amount, fat, protein, carbohydrate, companies_id, last, elaboratedproducts_id, languages, calories, salt, cholesterol, sodium, potassium, fiber, sugars, saturated_fat,system_company, id) values ('Tuc original', 100.00, 19.00, 8.30, 67.00, 37, '2019-11-08T22:31:36.260927+01:00'::timestamptz, NULL, NULL, 478.00, 1.75, NULL, NULL, NULL, 2.40, 7.10, 1.90, true, 191);;
insert into products (name, amount, fat, protein, carbohydrate, companies_id, last, elaboratedproducts_id, languages, calories, salt, cholesterol, sodium, potassium, fiber, sugars, saturated_fat,system_company, id) values ('Yogur Natural Activia Edulcorado 0%', 100.00, 0.40, 3.90, 7.00, 3, '2019-12-01T08:48:39.440857+01:00'::timestamptz, NULL, NULL, 51.00, 0.15, NULL, NULL, NULL, 0.00, 7.00, 0.20, true, 192);;
insert into products (name, amount, fat, protein, carbohydrate, companies_id, last, elaboratedproducts_id, languages, calories, salt, cholesterol, sodium, potassium, fiber, sugars, saturated_fat,system_company, id) values ('Yogur artesanal de fresas', 100.00, 3.10, 4.20, 12.10, 42, '2019-12-08T09:26:46.158533+01:00'::timestamptz, NULL, NULL, 96.00, 0.10, NULL, NULL, NULL, 0.00, 11.60, 2.20, true, 193);;
insert into products (name, amount, fat, protein, carbohydrate, companies_id, last, elaboratedproducts_id, languages, calories, salt, cholesterol, sodium, potassium, fiber, sugars, saturated_fat,system_company, id) values ('Yogur de sabores', 100.00, 1.90, 3.00, 12.50, 3, '2019-11-19T20:59:47.778054+01:00'::timestamptz, NULL, NULL, 82.00, 0.11, NULL, NULL, NULL, 0.00, 12.50, 1.10, true, 194);;
insert into formats(name, amount, last, products_id, system_product, id) values ('Little bag', 20.00, '2019-12-02T15:37:11.264772+01:00'::timestamptz, 165, true, 37);;
insert into formats(name, amount, last, products_id, system_product, id) values ('Bag', 600.00, '2019-11-01T13:29:38.080366+01:00'::timestamptz, 167, true, 38);;
insert into formats(name, amount, last, products_id, system_product, id) values ('Package', 50.00, '2019-11-10T10:48:54.456861+01:00'::timestamptz, 171, true, 39);;
insert into formats(name, amount, last, products_id, system_product, id) values ('Unit', 100.00, '2019-11-12T20:13:22.924567+01:00'::timestamptz, 172, true, 40);;
insert into formats(name, amount, last, products_id, system_product, id) values ('Unit', 550.00, '2019-12-06T05:15:24.755536+01:00'::timestamptz, 173, true, 41);;
insert into formats(name, amount, last, products_id, system_product, id) values ('Cookie', 6.25, '2019-11-15T13:30:43.305483+01:00'::timestamptz, 175, true, 42);;
insert into formats(name, amount, last, products_id, system_product, id) values ('Cookie', 12.50, '2019-11-23T06:17:39.937245+01:00'::timestamptz, 176, true, 43);;
insert into formats(name, amount, last, products_id, system_product, id) values ('Package', 100.00, '2019-11-23T06:17:14.634328+01:00'::timestamptz, 176, true, 44);;
insert into formats(name, amount, last, products_id, system_product, id) values ('Unit', 18.00, '2019-11-10T20:33:14.802092+01:00'::timestamptz, 178, true, 45);;
insert into formats(name, amount, last, products_id, system_product, id) values ('Package', 150.00, '2019-11-30T19:02:30.329800+01:00'::timestamptz, 181, true, 46);;
insert into formats(name, amount, last, products_id, system_product, id) values ('Unit', 60.00, '2019-11-01T11:16:17.842648+01:00'::timestamptz, 182, true, 47);;
insert into formats(name, amount, last, products_id, system_product, id) values ('Little stick', 19.16, '2019-12-02T15:35:57.897216+01:00'::timestamptz, 183, true, 48);;
insert into formats(name, amount, last, products_id, system_product, id) values ('Package', 76.66, '2019-12-02T15:36:31.070166+01:00'::timestamptz, 183, true, 49);;
insert into formats(name, amount, last, products_id, system_product, id) values ('Can', 275.00, '2019-11-01T13:30:13.524651+01:00'::timestamptz, 185, true, 50);;
insert into formats(name, amount, last, products_id, system_product, id) values ('Package', 125.00, '2019-12-07T11:47:01.413618+01:00'::timestamptz, 189, true, 51);;
insert into formats(name, amount, last, products_id, system_product, id) values ('Big can', 560.00, '2019-11-01T13:41:43.919310+01:00'::timestamptz, 190, true, 52);;
insert into formats(name, amount, last, products_id, system_product, id) values ('Unit', 125.00, '2019-12-01T08:49:27.009369+01:00'::timestamptz, 192, true, 53);;
insert into formats(name, amount, last, products_id, system_product, id) values ('Unit', 125.00, '2019-11-19T16:24:25.650849+01:00'::timestamptz, 194, true, 54);;
